[{"name":"CA","className":"state"},{"name":"CO","className":"state"},{"name":"CT","className":"state"},{"name":"FL","className":"state"},{"name":"GA","className":"state"},{"name":"IL","className":"state"},{"name":"IN","className":"state"},{"name":"LA","className":"state"},{"name":"MI","className":"state"},{"name":"MO","className":"state"},{"name":"NC","className":"state"},{"name":"NE","className":"state"},{"name":"NH","className":"state"},{"name":"NJ","className":"state"},{"name":"NM","className":"state"},{"name":"NV","className":"state"},{"name":"NY","className":"state"},{"name":"OH","className":"state"},{"name":"OR","className":"state"},{"name":"PA","className":"state"},{"name":"TN","className":"state"},{"name":"TX","className":"state"},{"name":"UT","className":"state"},{"name":"WA","className":"state"},{"name":"WI","className":"state"},{"name":"AL","className":"state"},{"name":"ID","className":"state"},{"name":"KY","className":"state"},{"name":"MN","className":"state"},{"name":"VA","className":"state"},{"name":"AZ","className":"state"},{"name":"AK","className":"state"},{"name":"MA","className":"state"},{"name":"OK","className":"state"},{"name":"DC","className":"state"},{"name":"MD","className":"state"},{"name":"VT","className":"state"},{"name":"WV","className":"state"},{"name":"IA","className":"state"},{"name":"AR","className":"state"},{"name":"SC","className":"state"},{"name":"SD","className":"state"},{"name":"KS","className":"state"},{"name":"WY","className":"state"},{"name":"MS","className":"state"},{"name":"DE","className":"state"},{"name":"MT","className":"state"},{"name":"ME","className":"state"},{"name":"ND","className":"state"},{"name":"RI","className":"state"},{"name":"PR","className":"state"},{"name":"HI","className":"state"},{"name":"QC","className":"state"},{"name":"Starbucks","className":"company"},{"name":"Dunkin Donuts","className":"company"}]