{"AK":{"name":"AK","id":0,"data":"state"},"AL":{"name":"AL","id":1,"data":"state"},"AR":{"name":"AR","id":2,"data":"state"},"AZ":{"name":"AZ","id":3,"data":"state"},"CA":{"name":"CA","id":4,"data":"state"},"CO":{"name":"CO","id":5,"data":"state"},"CT":{"name":"CT","id":6,"data":"state"},"DC":{"name":"DC","id":7,"data":"state"},"DE":{"name":"DE","id":8,"data":"state"},"FL":{"name":"FL","id":9,"data":"state"},"GA":{"name":"GA","id":10,"data":"state"},"HI":{"name":"HI","id":11,"data":"state"},"IA":{"name":"IA","id":12,"data":"state"},"ID":{"name":"ID","id":13,"data":"state"},"IL":{"name":"IL","id":14,"data":"state"},"IN":{"name":"IN","id":15,"data":"state"},"KS":{"name":"KS","id":16,"data":"state"},"KY":{"name":"KY","id":17,"data":"state"},"LA":{"name":"LA","id":18,"data":"state"},"MA":{"name":"MA","id":19,"data":"state"},"MD":{"name":"MD","id":20,"data":"state"},"ME":{"name":"ME","id":21,"data":"state"},"MI":{"name":"MI","id":22,"data":"state"},"MN":{"name":"MN","id":23,"data":"state"},"MO":{"name":"MO","id":24,"data":"state"},"MS":{"name":"MS","id":25,"data":"state"},"MT":{"name":"MT","id":26,"data":"state"},"NC":{"name":"NC","id":27,"data":"state"},"ND":{"name":"ND","id":28,"data":"state"},"NE":{"name":"NE","id":29,"data":"state"},"NH":{"name":"NH","id":30,"data":"state"},"NJ":{"name":"NJ","id":31,"data":"state"},"NM":{"name":"NM","id":32,"data":"state"},"NV":{"name":"NV","id":33,"data":"state"},"NY":{"name":"NY","id":34,"data":"state"},"OH":{"name":"OH","id":35,"data":"state"},"OK":{"name":"OK","id":36,"data":"state"},"OR":{"name":"OR","id":37,"data":"state"},"PA":{"name":"PA","id":38,"data":"state"},"RI":{"name":"RI","id":39,"data":"state"},"SC":{"name":"SC","id":40,"data":"state"},"SD":{"name":"SD","id":41,"data":"state"},"TN":{"name":"TN","id":42,"data":"state"},"TX":{"name":"TX","id":43,"data":"state"},"UT":{"name":"UT","id":44,"data":"state"},"VA":{"name":"VA","id":45,"data":"state"},"VT":{"name":"VT","id":46,"data":"state"},"WA":{"name":"WA","id":47,"data":"state"},"WI":{"name":"WI","id":48,"data":"state"},"WV":{"name":"WV","id":49,"data":"state"},"WY":{"name":"WY","id":50,"data":"state"},"Starbucks":{"name":"Starbucks","id":51,"data":"company"},"Dunkin Donuts":{"name":"Dunkin Donuts","id":52,"data":"company"}}